Source File	Size	loadResources	load-configure	scan	loadDepInfo	loadInfo	load	generateSnapshots	checkR4R4B	generateNarratives	validate	loadLists	checkConformanceResources	checkConformanceResources2	checkConformanceResources3	generateLogicalMaps	validateExpressions	scanForUsageStats	checkURLsUnique	processProvenanceDetails	generate1	generate2	generateLogicals	makeDependencies	generateExampleZip	generateValidationPack	scanProfilesForR5	scanExamplesForR5
/fsh-generated/resources/ImplementationGuide-ans.fhir.fr.annuaire.json	32909	-	0	0	0	0	0	0	7	68	0	0	0	1	0	0	0	1	0	0	232	208	0	0	1	6	0	1
fsh-generated/resources/CapabilityStatement-AsServerCapabilityStatement.json	22507	6	0	0	0	1	0	0	1	70	0	0	0	0	0	0	0	1	0	0	126	84	0	1	0	3	0	0
fsh-generated/resources/CodeSystem-as-cs-intern-id-systems.json	1180	4	1	0	0	0	0	0	0	8	0	0	1	0	0	0	0	0	0	0	17	2149	0	0	0	0	0	0
fsh-generated/resources/CodeSystem-as-cs-organization-types.json	939	3	0	0	0	0	0	0	0	4	0	0	0	0	0	0	0	0	0	0	22	70	0	0	0	0	0	0
fsh-generated/resources/CodeSystem-as-cs-type-systeme-information.json	1524	7	0	0	0	0	0	0	0	6	0	0	0	0	0	0	0	0	0	0	17	64	0	0	0	1	0	0
fsh-generated/resources/Organization-158480.json	3504	8	0	0	0	0	0	0	0	186	0	0	0	0	0	0	0	0	0	0	28	22	0	0	0	0	0	0
fsh-generated/resources/Organization-158480DP.json	3596	7	0	0	0	0	0	0	0	11	0	0	0	0	0	0	0	0	0	0	18	17	0	0	0	0	0	0
fsh-generated/resources/Organization-481677.json	2033	7	0	0	0	0	0	0	0	11	0	0	0	0	0	0	0	0	0	0	15	14	0	0	0	0	0	0
fsh-generated/resources/Organization-481677DP.json	2131	7	0	0	0	0	0	0	0	9	0	0	0	0	0	0	0	0	0	0	15	14	0	0	0	0	0	0
fsh-generated/resources/Organization-548812.json	1781	7	0	0	0	0	0	0	1	8	0	0	0	0	0	0	0	0	0	0	14	13	0	0	0	0	0	0
fsh-generated/resources/Organization-548812DP.json	1893	8	0	0	0	0	0	0	0	9	0	0	0	0	0	0	0	0	0	0	14	14	0	0	0	0	0	0
fsh-generated/resources/Organization-example-organization-fictive.json	2078	5	0	0	0	0	0	0	0	1	0	0	0	0	0	0	0	0	0	0	14	14	0	0	0	0	0	0
fsh-generated/resources/Organization-example-organization-nancy.json	2041	3	0	0	0	0	0	0	0	1	0	0	0	0	0	0	0	0	0	0	13	14	0	0	0	0	0	0
fsh-generated/resources/Organization-u33.json	257	3	0	0	0	0	0	0	0	1	0	0	0	0	0	0	0	0	0	0	8	12	0	0	0	0	0	0
fsh-generated/resources/Organization-u63.json	261	3	0	0	0	0	0	0	0	0	0	0	0	0	0	0	0	0	0	0	9	13	0	0	0	0	0	0
fsh-generated/resources/Person-pp16dr-person.json	1332	3	0	0	0	0	0	0	0	3	0	0	0	0	0	0	0	0	0	0	10	20	0	0	0	0	0	0
fsh-generated/resources/Person-pp19dr-person.json	1436	4	0	0	0	0	0	0	0	2	0	0	0	0	0	0	0	0	0	0	11	15	0	0	0	0	0	0
fsh-generated/resources/Practitioner-334081.json	4444	3	0	0	0	0	0	0	0	34	0	0	0	0	0	0	0	1	0	0	20	20	0	0	0	0	0	0
fsh-generated/resources/Practitioner-334081DP.json	2290	4	0	0	0	0	0	0	0	10	0	0	0	0	0	0	0	0	0	0	15	8	0	0	0	0	0	0
fsh-generated/resources/Practitioner-3719500.json	4458	3	0	0	0	0	0	0	0	8	0	0	0	0	0	0	0	0	0	0	22	11	0	0	0	0	0	0
fsh-generated/resources/Practitioner-3719500DP.json	2845	3	0	0	0	0	0	0	1	7	0	0	0	0	0	0	0	0	0	0	17	9	0	0	0	0	0	0
fsh-generated/resources/PractitionerRole-1578230.json	1454	4	0	0	0	0	0	0	0	344	0	0	0	0	0	0	0	0	0	0	15	11	0	0	0	0	0	1
fsh-generated/resources/PractitionerRole-1578230DP.json	1511	3	0	0	0	0	0	0	0	6	0	0	0	0	0	0	0	0	0	0	14	9	0	0	0	0	0	0
fsh-generated/resources/PractitionerRole-1738459.json	1446	3	0	0	0	0	0	0	0	5	0	0	0	0	0	0	0	0	0	0	16	16	0	0	0	0	0	0
fsh-generated/resources/PractitionerRole-1738459DP.json	1503	3	0	0	0	0	0	0	0	4	0	0	0	0	0	0	0	0	0	0	17	15	0	0	0	0	0	0
fsh-generated/resources/PractitionerRole-5015602.json	1447	3	0	0	0	0	0	0	0	4	0	0	0	0	0	0	0	0	0	0	15	15	0	0	0	0	0	0
fsh-generated/resources/PractitionerRole-5015602DP.json	2905	3	1	0	0	0	0	0	0	4	0	0	0	0	0	0	0	0	0	0	19	17	0	0	0	0	0	0
fsh-generated/resources/SearchParameter-as-sp-data-information-system.json	743	4	0	0	0	0	0	0	0	6	0	0	0	0	0	0	0	0	0	0	21	13	0	0	0	0	0	0
fsh-generated/resources/SearchParameter-as-sp-data-registration-authority.json	753	3	0	0	0	0	0	0	0	5	0	0	0	0	0	0	0	0	0	0	15	13	0	0	0	0	0	0
fsh-generated/resources/SearchParameter-as-sp-insee-code.json	577	3	0	0	0	0	0	0	0	6	0	0	0	0	0	0	0	0	0	1	15	12	0	0	0	0	0	0
fsh-generated/resources/SearchParameter-as-sp-mailbox-mss.json	526	4	0	0	0	0	0	0	0	5	0	0	0	0	0	0	0	0	0	0	20	12	0	0	0	0	0	0
fsh-generated/resources/SearchParameter-as-sp-number-smartcard.json	647	3	0	0	0	0	0	0	0	5	0	0	0	0	0	0	0	0	0	0	22	12	0	0	0	1	0	0
fsh-generated/resources/SearchParameter-as-sp-pharmacy-licence.json	585	3	0	0	0	0	0	0	0	4	0	0	0	0	0	0	0	0	0	0	20	12	0	0	0	0	0	0
fsh-generated/resources/SearchParameter-as-sp-type-smartcard.json	629	4	0	0	0	0	0	0	0	5	0	0	0	0	0	0	0	0	0	0	21	13	0	0	0	0	0	0
fsh-generated/resources/StructureDefinition-as-address-extended.json	5144	3	0	0	0	0	0	42	1	69	0	0	0	0	0	0	0	1	0	0	193	975	0	0	0	3	0	0
fsh-generated/resources/StructureDefinition-as-codeableconcept-timed.json	1208	3	0	0	0	0	0	26	0	10	0	0	0	0	0	0	0	0	0	0	77	239	0	0	0	1	0	0
fsh-generated/resources/StructureDefinition-as-device.json	4041	4	1	0	0	0	0	267	0	24	0	0	1	0	0	0	0	1	0	0	417	1010	0	0	0	7	0	2
fsh-generated/resources/StructureDefinition-as-dp-device.json	2930	3	0	0	0	0	0	62	0	36	0	0	0	0	0	0	0	2	0	0	452	691	0	0	0	8	0	0
fsh-generated/resources/StructureDefinition-as-dp-healthcareservice-healthcare-activity.json	3393	3	0	0	0	0	0	144	0	20	0	0	0	0	0	0	0	1	0	0	427	430	0	0	0	8	0	1
fsh-generated/resources/StructureDefinition-as-dp-healthcareservice-social-equipment.json	3845	4	0	0	0	0	0	208	0	34	0	0	0	0	0	0	0	3	0	0	677	1114	0	0	0	14	0	1
fsh-generated/resources/StructureDefinition-as-dp-organization.json	6041	4	0	0	0	0	0	106	0	67	0	0	1	0	0	0	0	4	0	0	1089	1957	0	0	0	21	1	2
fsh-generated/resources/StructureDefinition-as-dp-practitioner.json	7252	3	0	0	0	0	0	240	0	146	0	0	0	0	0	0	0	5	0	0	1113	1372	0	0	0	37	0	2
fsh-generated/resources/StructureDefinition-as-dp-practitionerrole.json	4231	4	1	0	0	0	0	155	0	26	0	0	1	0	0	0	0	2	0	0	512	728	0	0	0	16	0	1
fsh-generated/resources/StructureDefinition-as-dr-device.json	2841	4	0	0	0	0	0	27	0	22	0	0	0	0	0	0	0	1	0	0	401	441	0	0	0	10	0	0
fsh-generated/resources/StructureDefinition-as-dr-healthcareservice-healthcare-activity.json	3282	7	0	0	0	0	0	20	0	19	0	0	0	0	0	0	0	2	0	0	345	359	0	0	0	9	1	1
fsh-generated/resources/StructureDefinition-as-dr-healthcareservice-social-equipment.json	3734	7	0	0	0	0	0	51	0	32	0	0	0	0	0	0	0	2	0	0	651	542	0	0	0	11	0	1
fsh-generated/resources/StructureDefinition-as-dr-organization.json	794	7	0	0	0	0	0	64	0	33	0	0	1	0	0	0	0	4	0	0	717	773	0	0	0	12	0	2
fsh-generated/resources/StructureDefinition-as-dr-person.json	867	5	0	0	0	0	0	45	0	14	0	0	0	0	0	0	0	1	0	0	239	392	0	0	0	4	0	0
fsh-generated/resources/StructureDefinition-as-dr-practitioner.json	1202	3	0	0	0	0	0	43	0	45	0	0	0	0	0	0	0	4	0	0	888	1000	0	0	0	15	0	2
fsh-generated/resources/StructureDefinition-as-dr-practitionerrole.json	2045	4	1	0	0	0	0	14	0	32	0	0	1	0	0	0	0	2	0	0	320	326	0	0	0	5	1	0
fsh-generated/resources/StructureDefinition-as-ext-authorization.json	7725	3	0	0	0	0	0	8	0	33	0	0	0	0	0	0	0	0	0	0	286	188	0	0	0	4	0	1
fsh-generated/resources/StructureDefinition-as-ext-codeableconcept-timed-metadata.json	1722	3	0	0	0	0	0	4	0	13	0	0	0	0	0	0	0	1	0	0	71	133	0	0	0	2	0	0
fsh-generated/resources/StructureDefinition-as-ext-data-trace.json	3715	4	0	0	0	0	0	5	0	15	0	0	0	0	0	0	0	0	0	0	121	151	0	0	0	1	0	0
fsh-generated/resources/StructureDefinition-as-ext-digital-certificate.json	7813	4	0	0	0	0	0	9	0	27	0	0	0	0	0	0	0	1	0	0	289	273	0	0	0	4	0	0
fsh-generated/resources/StructureDefinition-as-ext-education-level.json	4227	3	0	0	0	0	0	6	0	18	0	0	0	0	0	0	0	0	0	0	149	229	0	0	0	2	0	0
fsh-generated/resources/StructureDefinition-as-ext-lieu-dit.json	1394	3	1	0	0	0	0	3	0	10	0	0	0	0	0	0	0	0	0	0	109	98	0	0	0	1	0	0
fsh-generated/resources/StructureDefinition-as-ext-mailbox-mss-metadata.json	7300	5	0	0	0	0	0	7	0	26	0	0	0	0	0	0	0	1	0	0	267	228	0	0	0	4	0	1
fsh-generated/resources/StructureDefinition-as-ext-organization-authorization-deadline.json	2763	3	0	0	1	0	0	5	0	15	0	0	0	0	0	0	0	0	0	0	114	125	0	0	0	2	0	0
fsh-generated/resources/StructureDefinition-as-ext-organization-budget-type.json	1590	3	0	0	0	0	0	3	0	11	0	0	0	0	0	0	0	0	0	0	50	75	0	0	0	1	0	0
fsh-generated/resources/StructureDefinition-as-ext-organization-closing-type.json	1744	4	0	0	0	0	0	3	0	10	0	0	1	0	0	0	0	0	0	0	52	69	0	0	0	0	0	0
fsh-generated/resources/StructureDefinition-as-ext-organization-pharmacy-licence.json	1624	3	0	0	0	0	0	4	0	10	0	0	0	0	0	0	0	0	0	0	51	70	0	0	0	1	0	0
fsh-generated/resources/StructureDefinition-as-ext-organization-pricing-model.json	1769	3	0	0	0	0	0	3	0	10	0	0	0	0	0	0	0	0	0	0	53	71	0	0	0	1	0	0
fsh-generated/resources/StructureDefinition-as-ext-organization-types.json	1533	3	1	0	0	0	0	4	0	10	0	0	0	0	0	0	0	1	0	0	52	81	0	0	0	0	0	0
fsh-generated/resources/StructureDefinition-as-ext-patient-type.json	2976	7	0	0	0	0	0	4	1	14	0	0	0	0	0	0	0	0	0	0	114	116	0	0	0	2	0	0
fsh-generated/resources/StructureDefinition-as-ext-person-birth-place.json	2188	3	0	0	0	0	0	4	0	13	0	0	0	0	0	0	0	0	0	0	84	136	0	0	0	1	0	0
fsh-generated/resources/StructureDefinition-as-ext-person-deceased-date-time.json	2051	4	0	0	0	0	0	4	0	13	0	0	0	0	0	0	0	0	0	0	82	128	0	0	0	2	0	0
fsh-generated/resources/StructureDefinition-as-ext-person-nationality.json	3139	8	0	0	0	0	0	5	0	16	0	0	0	0	0	0	0	0	0	0	115	143	0	0	0	1	0	1
fsh-generated/resources/StructureDefinition-as-ext-practitioner-authorization.json	5587	7	0	0	0	0	0	6	0	31	0	0	0	0	0	0	0	1	0	0	202	154	0	0	0	3	0	0
fsh-generated/resources/StructureDefinition-as-ext-practitionerrole-contracted.json	2064	4	0	0	0	0	0	4	0	13	0	0	0	0	0	0	0	0	0	0	55	93	0	0	0	1	0	0
fsh-generated/resources/StructureDefinition-as-ext-practitionerrole-hascas.json	1839	3	1	0	0	0	0	4	0	10	0	0	0	0	0	0	0	0	0	0	51	100	0	0	0	1	0	0
fsh-generated/resources/StructureDefinition-as-ext-practitionerrole-vitale-accepted.json	1794	4	0	0	0	0	0	3	0	10	0	0	0	0	0	0	0	0	0	0	52	100	0	0	0	1	0	0
fsh-generated/resources/StructureDefinition-as-ext-registration.json	7803	3	0	0	0	0	0	8	0	29	0	0	0	0	0	0	0	1	0	0	266	187	0	0	0	3	0	0
fsh-generated/resources/StructureDefinition-as-ext-smartcard.json	5513	4	0	0	0	0	0	7	0	22	0	0	0	0	0	0	0	1	0	0	222	151	0	0	0	4	0	0
fsh-generated/resources/StructureDefinition-as-ext-supported-capacity.json	8745	4	0	0	0	0	0	8	0	28	0	0	0	0	0	0	0	0	0	0	299	177	0	0	0	8	0	1
fsh-generated/resources/StructureDefinition-as-healthcareservice-healthcare-activity.json	5254	3	0	0	0	0	0	0	0	36	0	0	0	0	0	0	0	1	0	0	347	282	0	0	0	7	0	0
fsh-generated/resources/StructureDefinition-as-healthcareservice-social-equipment.json	13671	4	0	0	0	0	0	0	0	74	0	0	1	0	0	0	0	3	0	0	782	669	0	1	0	12	0	1
fsh-generated/resources/StructureDefinition-as-location.json	1473	3	0	0	0	0	0	25	0	21	0	0	0	0	0	0	0	1	0	0	245	409	0	0	0	5	1	1
fsh-generated/resources/StructureDefinition-as-mailbox-mss.json	2061	4	1	0	0	0	0	5	0	13	0	0	0	0	0	0	0	1	0	0	102	124	0	0	0	1	0	0
fsh-generated/resources/StructureDefinition-as-organization.json	20342	4	0	0	0	0	0	0	0	85	0	0	0	0	0	0	0	3	0	0	1015	866	0	0	0	16	0	1
fsh-generated/resources/StructureDefinition-as-person.json	8098	4	0	0	0	0	0	0	0	28	0	0	0	0	0	0	0	1	0	0	342	290	0	0	0	6	0	0
fsh-generated/resources/StructureDefinition-as-practitioner.json	27695	4	0	0	0	0	0	0	0	195	0	0	1	0	0	0	0	4	0	0	1197	932	0	0	0	19	0	2
fsh-generated/resources/StructureDefinition-as-practitionerrole.json	14733	4	0	0	0	0	0	0	0	42	0	0	0	0	0	0	0	1	0	0	504	380	0	0	0	8	0	0
fsh-generated/resources/ValueSet-VS-TRE-R286-TypeFermeture.json	889	4	0	0	0	0	0	0	0	76	0	0	0	0	0	0	0	0	0	0	13	3286	0	0	0	1	0	0
fsh-generated/resources/ValueSet-VS-TRE-R301-SourceInformationInstallation.json	1033	3	1	0	0	0	0	0	0	8	0	0	0	0	0	0	0	0	0	0	13	49	0	0	0	0	0	0
fsh-generated/resources/ValueSet-VS-TRE-R74-ModeFixationTarifaire.json	952	3	0	0	0	0	0	0	1	11	0	0	0	0	0	0	0	0	0	0	13	97	0	0	0	0	0	0
fsh-generated/resources/ValueSet-as-vs-intern-id-systems.json	629	3	0	0	0	0	0	0	0	8	0	0	0	0	0	0	0	0	0	0	12	42	0	0	0	0	0	0
fsh-generated/resources/ValueSet-as-vs-organization-types.json	506	3	0	0	0	0	0	0	0	8	0	0	0	0	0	0	0	0	0	0	14	102	0	0	0	0	0	0
fsh-generated/resources/ValueSet-as-vs-type-systeme-information.json	743	3	0	0	0	0	0	0	0	6	0	0	0	0	0	0	0	0	0	0	12	46	0	0	0	0	0	0
