Source File	Size	loadResources	load	generateSnapshots	load-configure	scan	loadDepInfo	loadInfo	checkR4R4B	generateNarratives	validate	loadLists	checkConformanceResources	checkConformanceResources2	checkConformanceResources3	generateLogicalMaps	validateExpressions	scanForUsageStats	checkURLsUnique	processProvenanceDetails	translate	generate1	generate2	generateLogicals	makeDependencies	generateExampleZip	generateValidationPack	scanProfilesForR5	scanExamplesForR5
/fsh-generated/resources/ImplementationGuide-ans.fhir.fr.annuaire.json	34708	-	0	0	0	0	0	0	20	116	0	0	0	0	1	0	0	1	0	0	33	224	746	0	0	0	9	0	4
fsh-generated/resources/CapabilityStatement-AsServerDPCapabilityStatement.json	22115	5	0	0	1	0	0	0	3	59	0	0	0	0	0	0	0	0	0	0	13	116	131	0	1	0	5	0	0
fsh-generated/resources/CodeSystem-as-cs-organization-types.json	1091	3	0	0	0	0	0	0	0	9	0	0	0	0	0	0	0	0	0	0	9	16	134	0	0	0	0	0	1
fsh-generated/resources/CodeSystem-as-cs-type-etablissement.json	807	1	0	0	0	1	0	0	0	9	0	0	0	0	0	0	0	0	0	0	7	11	90	0	0	0	1	0	0
fsh-generated/resources/CodeSystem-as-cs-type-systeme-information.json	1294	2	0	0	0	0	0	0	1	6	0	0	1	0	0	0	0	0	0	0	5	13	87	0	0	0	0	0	0
fsh-generated/resources/Organization-158480.json	3499	2	0	0	0	0	0	0	0	92	0	0	0	0	0	0	0	1	0	0	8	19	36	0	0	1	0	0	0
fsh-generated/resources/Organization-158480DP.json	3495	2	0	0	0	0	0	0	1	19	0	0	0	0	0	0	0	0	0	0	8	15	29	0	0	0	0	0	0
fsh-generated/resources/Organization-481677.json	3328	2	0	0	0	0	0	0	0	17	0	0	0	0	0	0	0	0	0	0	7	13	18	0	0	0	0	0	0
fsh-generated/resources/Organization-481677DP.json	2395	2	0	0	0	0	0	0	1	16	0	0	0	0	0	0	0	0	0	0	8	14	17	0	0	0	0	0	0
fsh-generated/resources/Organization-548812.json	2141	2	0	0	0	0	0	0	0	16	0	0	0	0	0	0	0	0	0	0	5	12	17	0	0	0	0	0	0
fsh-generated/resources/Organization-548812DP.json	2157	2	0	0	0	0	0	0	0	15	0	0	0	0	0	0	0	0	0	0	5	12	15	0	0	0	0	0	0
fsh-generated/resources/Organization-example-organization-fictive.json	2078	1	0	0	0	0	0	0	0	3	0	0	0	0	0	0	0	0	0	0	6	11	24	0	0	0	0	0	0
fsh-generated/resources/Organization-example-organization-nancy.json	3182	2	0	0	0	0	0	0	1	4	0	0	0	0	0	0	0	0	0	0	5	12	25	0	0	0	0	0	1
fsh-generated/resources/Person-pp16dr-person.json	1016	1	0	0	0	0	0	0	0	6	0	0	0	0	0	0	0	0	0	0	4	7	51	0	0	0	0	0	0
fsh-generated/resources/Person-pp19dr-person.json	998	2	0	0	0	0	0	0	0	3	0	0	0	0	0	0	0	0	0	0	4	8	43	0	0	0	0	0	0
fsh-generated/resources/Practitioner-334081.json	4884	2	0	0	0	0	0	0	1	67	0	0	0	0	0	0	0	0	0	0	6	18	37	0	0	0	0	0	0
fsh-generated/resources/Practitioner-334081DP.json	2487	1	0	0	0	0	0	0	0	17	0	0	0	0	0	0	0	0	0	0	6	12	17	0	0	0	0	0	0
fsh-generated/resources/Practitioner-3719500.json	5410	3	0	0	0	0	0	0	1	17	0	0	0	0	0	0	0	0	0	0	7	20	30	0	0	0	0	0	0
fsh-generated/resources/Practitioner-3719500DP.json	2508	1	0	0	1	0	0	0	0	13	0	0	0	0	0	0	0	0	0	0	5	13	17	0	0	0	0	0	0
fsh-generated/resources/PractitionerRole-1578230.json	1323	2	0	0	0	0	0	0	0	644	0	0	0	0	0	0	0	0	0	0	3	11	54	0	0	0	0	0	0
fsh-generated/resources/PractitionerRole-1578230DP.json	1282	1	0	0	0	0	0	0	0	10	0	0	0	0	0	0	0	0	0	0	3	10	44	0	0	0	0	0	0
fsh-generated/resources/PractitionerRole-1738459.json	1315	2	0	0	0	0	0	0	0	11	0	0	0	0	0	0	0	0	0	0	2	10	47	0	0	0	0	0	0
fsh-generated/resources/PractitionerRole-1738459DP.json	1274	2	0	0	0	0	0	0	1	10	0	0	0	0	0	0	0	0	0	0	2	11	24	0	0	0	0	0	0
fsh-generated/resources/PractitionerRole-5015602.json	1316	1	0	0	0	0	0	0	0	11	0	0	0	0	0	0	0	0	0	0	2	10	20	0	0	0	0	0	0
fsh-generated/resources/PractitionerRole-5015602DP.json	1275	2	0	0	0	0	0	0	0	11	0	0	0	0	0	0	0	0	0	0	2	10	27	0	0	0	0	0	1
fsh-generated/resources/SearchParameter-as-sp-address-line.json	411	1	0	0	0	0	0	0	0	5	0	0	0	0	1	0	0	0	0	0	2	9	18	0	0	0	1	0	0
fsh-generated/resources/SearchParameter-as-sp-data-information-system.json	743	1	0	0	0	0	0	0	0	4	0	0	0	0	0	0	0	0	0	0	2	13	24	0	0	0	0	0	0
fsh-generated/resources/SearchParameter-as-sp-data-registration-authority.json	753	1	0	0	0	0	0	0	0	3	0	0	0	0	0	0	0	0	0	0	2	12	20	0	0	0	1	0	0
fsh-generated/resources/SearchParameter-as-sp-insee-code.json	592	2	0	0	0	0	0	0	1	4	0	0	0	0	0	0	0	1	0	0	2	11	21	0	0	0	0	0	0
fsh-generated/resources/SearchParameter-as-sp-mailbox-mss-type.json	695	1	0	0	0	0	0	0	0	3	0	0	0	0	0	0	0	0	0	0	3	11	17	0	0	0	1	0	0
fsh-generated/resources/SearchParameter-as-sp-mailbox-mss.json	575	1	0	0	0	0	0	0	0	4	0	0	0	0	1	0	0	0	0	0	2	9	16	0	0	0	0	0	0
fsh-generated/resources/SearchParameter-as-sp-number-smartcard.json	647	1	0	0	0	0	0	0	0	3	0	0	0	0	0	0	0	0	0	0	2	11	14	0	0	0	1	0	0
fsh-generated/resources/SearchParameter-as-sp-organization-period.json	542	2	0	0	0	0	0	0	0	3	0	0	0	0	0	0	0	0	0	0	3	9	15	0	0	0	0	0	0
fsh-generated/resources/SearchParameter-as-sp-pharmacy-licence.json	585	1	0	0	0	0	0	0	0	2	0	0	0	0	0	0	0	0	0	0	2	10	15	0	0	0	1	0	0
fsh-generated/resources/SearchParameter-as-sp-qualification-code.json	459	1	0	0	0	0	0	0	1	3	0	0	0	0	0	0	0	0	0	0	2	10	15	0	0	0	0	0	0
fsh-generated/resources/SearchParameter-as-sp-type-smartcard.json	629	1	0	0	0	0	0	0	0	3	0	0	0	0	1	0	0	0	0	0	2	10	18	0	0	0	16	0	0
fsh-generated/resources/StructureDefinition-as-address-extended.json	8038	3	0	43	0	0	0	0	0	121	0	0	0	0	0	0	0	0	0	0	1	208	1051	0	0	0	9	0	1
fsh-generated/resources/StructureDefinition-as-codeableconcept-timed.json	1207	1	0	11	0	0	0	0	0	16	0	0	1	0	0	0	0	0	0	0	1	52	271	0	0	0	2	0	1
fsh-generated/resources/StructureDefinition-as-device.json	6245	3	0	67	0	0	0	0	0	150	0	0	0	0	0	0	0	1	0	0	1	320	848	0	0	0	15	0	4
fsh-generated/resources/StructureDefinition-as-dp-device.json	5221	3	0	52	0	0	0	0	0	66	0	0	1	0	1	0	0	1	0	0	0	396	956	0	0	0	19	0	2
fsh-generated/resources/StructureDefinition-as-dp-healthcareservice-healthcare-activity.json	6126	3	0	77	1	0	0	0	0	62	0	0	0	0	0	0	0	1	0	0	0	371	716	0	0	0	18	1	1
fsh-generated/resources/StructureDefinition-as-dp-healthcareservice-social-equipment.json	6532	4	0	233	0	0	0	0	0	82	0	0	1	0	0	0	0	1	0	0	1	539	1072	0	0	0	26	0	2
fsh-generated/resources/StructureDefinition-as-dp-organization.json	8803	4	0	268	0	0	0	0	0	115	0	0	1	0	0	0	0	3	0	0	0	844	2526	0	0	0	42	0	2
fsh-generated/resources/StructureDefinition-as-dp-practitioner.json	8943	3	0	211	0	0	0	1	0	121	0	0	0	0	0	0	0	2	0	0	1	844	2202	0	0	0	29	1	3
fsh-generated/resources/StructureDefinition-as-dp-practitionerrole.json	7155	3	0	88	0	0	0	0	0	61	0	0	1	0	1	0	0	1	0	0	1	471	1230	0	0	0	16	0	2
fsh-generated/resources/StructureDefinition-as-dr-device.json	4875	3	0	32	0	0	0	0	1	56	0	0	0	0	0	0	0	1	0	0	0	381	640	0	0	0	13	0	1
fsh-generated/resources/StructureDefinition-as-dr-healthcareservice-healthcare-activity.json	5724	3	0	27	0	0	0	0	0	59	0	0	1	0	0	0	0	1	0	0	0	350	565	0	0	0	13	1	1
fsh-generated/resources/StructureDefinition-as-dr-healthcareservice-social-equipment.json	6263	3	0	46	0	0	0	0	0	69	0	0	0	0	0	0	0	1	0	0	1	522	885	0	0	0	17	0	2
fsh-generated/resources/StructureDefinition-as-dr-organization.json	4178	2	0	57	0	0	0	0	0	75	0	0	1	0	0	0	0	2	0	0	0	635	1404	0	0	0	20	0	2
fsh-generated/resources/StructureDefinition-as-dr-person.json	3731	3	0	39	0	0	0	0	0	39	0	0	1	0	1	0	0	0	0	0	0	241	614	0	0	0	8	0	1
fsh-generated/resources/StructureDefinition-as-dr-practitioner.json	5619	2	1	89	0	0	0	0	0	115	0	0	0	0	0	0	0	4	0	0	1	823	1690	0	0	0	27	1	4
fsh-generated/resources/StructureDefinition-as-dr-practitionerrole.json	5969	3	0	32	0	0	0	0	0	52	0	0	1	0	0	0	0	1	0	0	0	441	711	0	0	0	17	0	2
fsh-generated/resources/StructureDefinition-as-ext-authorization.json	5107	3	0	8	0	0	0	0	0	40	0	0	0	0	0	0	0	0	0	0	1	182	342	0	0	0	8	0	0
fsh-generated/resources/StructureDefinition-as-ext-codeableconcept-timed-metadata.json	1721	1	0	4	0	0	0	0	0	14	0	0	0	0	0	0	0	0	0	0	1	65	212	0	0	0	2	0	0
fsh-generated/resources/StructureDefinition-as-ext-data-trace.json	4683	4	0	7	0	0	1	0	0	20	0	0	1	0	1	0	0	0	0	0	0	139	247	0	0	0	4	0	1
fsh-generated/resources/StructureDefinition-as-ext-digital-certificate.json	7812	5	0	9	0	0	0	0	0	37	0	0	0	0	0	0	0	1	0	0	1	271	359	0	0	0	9	0	0
fsh-generated/resources/StructureDefinition-as-ext-education-level.json	4226	3	0	6	1	0	0	0	0	86	0	0	0	0	0	0	0	0	0	0	1	141	259	0	0	0	5	0	0
fsh-generated/resources/StructureDefinition-as-ext-installation.json	3993	4	0	6	0	0	0	0	0	20	0	0	1	0	0	0	0	0	0	0	0	136	251	0	0	0	3	0	1
fsh-generated/resources/StructureDefinition-as-ext-lieu-dit.json	1393	1	0	3	0	0	0	0	0	9	0	0	0	0	0	0	0	0	0	0	0	48	172	0	1	0	2	0	0
fsh-generated/resources/StructureDefinition-as-ext-mailbox-mss-metadata.json	5406	3	0	8	0	0	0	0	0	27	0	0	0	0	1	0	0	0	0	0	1	192	303	0	0	0	5	1	0
fsh-generated/resources/StructureDefinition-as-ext-organization-authorization-deadline.json	2762	2	0	5	0	0	0	0	0	16	0	0	0	0	0	0	0	1	0	0	0	106	215	0	0	0	3	0	0
fsh-generated/resources/StructureDefinition-as-ext-organization-budget-type.json	1589	2	0	67	0	0	0	0	0	9	0	0	1	0	0	0	0	0	0	0	0	48	173	0	0	0	1	0	0
fsh-generated/resources/StructureDefinition-as-ext-organization-closing-type.json	1752	1	0	4	0	0	0	0	0	8	0	0	0	0	0	0	0	0	0	0	1	51	173	0	0	0	2	0	0
fsh-generated/resources/StructureDefinition-as-ext-organization-pharmacy-licence.json	1623	1	0	3	0	0	0	0	0	8	0	0	0	0	0	0	0	0	0	0	0	50	172	0	0	0	1	0	0
fsh-generated/resources/StructureDefinition-as-ext-organization-pricing-model.json	1786	2	0	4	0	0	0	0	0	9	0	0	0	0	1	0	0	0	0	0	0	51	170	0	0	0	1	0	0
fsh-generated/resources/StructureDefinition-as-ext-organization-types.json	1532	1	0	3	0	0	0	0	1	7	0	0	1	0	0	0	0	0	0	0	1	50	167	0	0	0	2	0	0
fsh-generated/resources/StructureDefinition-as-ext-patient-type.json	2975	3	0	5	0	0	0	0	0	14	0	0	0	0	0	0	0	0	0	0	0	105	218	0	0	0	2	0	1
fsh-generated/resources/StructureDefinition-as-ext-person-birth-place.json	2187	2	0	3	0	0	0	0	0	12	0	0	0	0	0	0	0	0	0	0	0	85	229	0	0	0	3	0	0
fsh-generated/resources/StructureDefinition-as-ext-person-deceased-date-time.json	2050	2	0	3	0	0	0	0	0	13	0	0	0	0	0	0	0	0	0	0	1	86	219	0	0	0	2	0	0
fsh-generated/resources/StructureDefinition-as-ext-person-statut-etat-civil.json	3245	3	0	5	0	0	0	0	0	20	0	0	0	0	1	0	0	0	0	0	0	108	216	0	0	0	3	0	0
fsh-generated/resources/StructureDefinition-as-ext-practitioner-authorization.json	5586	5	0	7	0	0	0	0	0	25	0	0	1	0	0	0	0	1	0	0	1	188	288	0	0	0	5	0	0
fsh-generated/resources/StructureDefinition-as-ext-practitionerrole-contracted.json	2063	6	0	3	0	0	0	0	0	9	0	0	0	0	0	0	0	0	0	0	1	51	168	0	0	0	1	0	0
fsh-generated/resources/StructureDefinition-as-ext-practitionerrole-hascas.json	1838	2	0	3	0	0	0	0	0	7	0	0	0	0	0	0	0	0	0	0	0	50	169	0	0	0	2	0	0
fsh-generated/resources/StructureDefinition-as-ext-practitionerrole-vitale-accepted.json	1793	2	0	3	0	0	0	0	0	7	0	0	0	0	1	0	0	0	0	0	1	49	169	0	0	0	1	0	0
fsh-generated/resources/StructureDefinition-as-ext-registration.json	7926	3	0	8	0	0	0	0	0	35	0	0	1	0	0	0	0	0	0	0	1	254	330	0	0	0	7	0	1
fsh-generated/resources/StructureDefinition-as-ext-smartcard.json	5194	2	0	8	0	0	0	0	0	27	0	0	0	0	0	0	0	0	0	0	1	233	282	0	0	0	5	0	0
fsh-generated/resources/StructureDefinition-as-ext-supported-capacity.json	8744	4	0	10	0	0	0	0	0	36	0	0	0	0	0	0	0	1	0	0	0	283	350	0	0	0	8	0	0
fsh-generated/resources/StructureDefinition-as-healthcareservice-healthcare-activity.json	5200	2	0	1	1	0	0	0	0	26	0	0	1	0	0	0	0	0	0	0	1	211	382	0	0	0	7	0	1
fsh-generated/resources/StructureDefinition-as-healthcareservice-social-equipment.json	14291	3	0	2	0	0	0	0	0	75	0	0	0	0	1	0	0	2	0	0	1	574	825	0	0	0	21	1	1
fsh-generated/resources/StructureDefinition-as-mailbox-mss.json	3891	3	0	9	0	0	0	0	0	19	0	0	0	0	0	0	0	0	0	0	1	155	339	0	0	0	6	0	0
fsh-generated/resources/StructureDefinition-as-organization.json	23114	9	0	4	0	0	0	0	1	106	0	0	1	0	0	0	0	2	0	0	2	867	1312	0	0	0	26	0	2
fsh-generated/resources/StructureDefinition-as-person.json	6699	5	0	1	0	0	0	0	0	27	0	0	0	0	0	0	0	1	0	0	1	218	442	0	0	0	7	0	1
fsh-generated/resources/StructureDefinition-as-practitioner.json	25901	6	0	4	0	0	0	0	0	118	0	0	1	0	0	0	0	2	0	0	3	1049	1545	0	0	0	31	1	2
fsh-generated/resources/StructureDefinition-as-practitionerrole.json	13096	4	0	2	0	0	0	0	0	52	0	0	0	0	1	0	0	1	0	0	1	439	707	0	0	0	13	0	1
fsh-generated/resources/ValueSet-as-vs-organization-types.json	493	2	0	0	0	0	0	0	0	614	0	0	0	0	0	0	0	0	0	0	9	10	110	0	0	0	1	0	0
fsh-generated/resources/ValueSet-as-vs-type-etablissement.json	659	1	0	0	0	0	0	0	0	4	0	0	0	0	0	0	0	0	0	0	4	9	119	0	0	0	0	0	0
fsh-generated/resources/ValueSet-as-vs-type-systeme-information.json	711	1	0	0	0	0	0	0	0	3	0	0	0	0	0	0	0	0	0	0	5	9	106	0	0	0	1	0	0
/fsh-generated/includes/menu.xml	2205	-	-	-	0	0	0	0	0	0	0	0	0	0	0	0	0	0	0	0	0	0	1	0	0	0	0	0	0
/fsh-generated/includes/fsh-link-references.md	6135	-	-	-	0	0	0	0	0	0	0	0	0	0	0	0	0	0	0	0	0	0	2	0	0	0	0	0	0
/input/data/features.yml	300	-	-	-	0	0	0	0	0	0	0	0	0	0	0	0	0	0	0	0	0	0	0	0	0	0	0	0	0
/input/pagecontent/securite.md	910	-	-	-	0	0	0	0	0	0	0	0	0	0	0	0	0	0	0	0	0	0	0	0	0	0	0	0	0
/input/pagecontent/example.md	0	-	-	-	0	0	0	0	0	0	0	0	0	0	0	0	0	0	0	0	0	0	1	0	0	0	0	0	0
/input/pagecontent/tests.md	1239	-	-	-	0	0	0	0	0	0	0	0	0	0	0	0	0	0	0	0	0	0	0	0	0	0	0	0	0
/input/pagecontent/liste_profils.md	2164	-	-	-	0	0	0	0	0	0	0	0	0	0	0	0	0	0	0	0	0	0	11	0	0	0	0	0	0
/input/pagecontent/changes.md	9838	-	-	-	0	0	0	0	0	0	0	0	0	0	0	0	0	0	0	0	0	0	2	0	0	0	0	0	0
/input/pagecontent/downloads.md	907	-	-	-	0	0	0	0	0	0	0	0	0	0	0	0	0	0	0	0	0	0	0	0	0	0	0	0	0
/input/pagecontent/translationinfo.md	58	-	-	-	0	0	0	0	0	0	0	0	0	0	0	0	0	0	0	0	0	0	1	0	0	0	0	0	0
/input/pagecontent/index.md	4588	-	-	-	0	0	0	0	0	0	0	0	0	0	0	0	0	0	0	0	0	0	87	0	0	0	0	0	0
/input/pagecontent/problematiques_connues.md	564	-	-	-	0	0	0	0	0	0	0	0	0	0	0	0	0	0	0	0	0	0	0	0	0	0	0	0	0
/template/config	0	-	-	-	0	0	0	0	0	0	0	0	0	0	0	0	0	0	0	0	0	0	0	0	0	0	0	0	0
/template/config/_config.yml	140	-	-	-	0	0	0	0	0	0	0	0	0	0	0	0	0	0	0	0	0	0	1	0	0	0	0	0	0
/input/images	0	-	-	-	0	0	0	0	0	0	0	0	0	0	0	0	0	0	0	0	0	0	0	0	0	0	0	0	0
/input/images/mappingFHIRAnnuaireSante.png	196561	-	-	-	0	0	0	0	0	0	0	0	0	0	0	0	0	0	0	0	0	0	0	0	0	0	0	0	0
/temp/pages/_includes/artifacts.xml	55308	-	-	-	-	-	-	-	-	-	-	-	-	-	-	-	-	-	-	-	-	-	7	0	0	0	0	0	0
